original_mean,original_std,bootstrap_mean,bootstrap_std,ci_95_lower,ci_95_upper,n_bootstraps,sample_size
4.133333333333334,0.6182412330330469,4.132956666666666,0.034903077069062094,4.066666666666666,4.196666666666666,1000,300
