original_mean,original_std,bootstrap_mean,bootstrap_std,ci_95_lower,ci_95_upper,n_bootstraps,sample_size
3.6333333333333333,1.642829537380214,3.6317766666666667,0.09423710704623972,3.4564999999999997,3.8200833333333333,1000,300
